UniprotID,P00363,P02943,P0A8Q0,P0A8Q3,P0A9I1,P0AC47,P0AE74,P0AEX9,P68187
GeneName,FRDA,LAMB,FRDC,FRDD,CITE,FRDB,CITT,MALE,MALK
DMSO_rep1,30.24713132117064,26.75235708948741,30.347755962274068,27.389060314678787,29.03102867983541,31.223497836966537,27.5438321998548,27.099232579620242,
DMSO_rep2,30.261664901560735,26.011523125120235,28.815351405081707,27.060664242299687,27.933219960489133,30.94745747269023,26.363518503955635,26.784692562592223,24.880552465033432
DMSO_rep3,29.969625125428045,26.150544782181175,30.569086441741305,27.291004382675307,27.568600125291024,30.66357199075374,25.291513400974416,26.854282593218844,
DMSO_rep4,29.470662612830065,25.554565374025163,29.09687934381417,24.906378684429622,27.864839471989264,30.815155785867617,26.608081408974204,27.03714922681843,25.422760819471232
Suf_rep1,30.0047249272926,27.844048055088656,28.349844879396898,26.70321649548169,27.29597816398545,31.360153295006395,25.48466085633261,26.518117551611887,26.04746922239712
Suf_rep2,30.085996844946763,28.094893696788226,29.443522395852796,,26.74409874700717,30.317291964512307,25.69050755636999,26.86430213986238,24.964371413751024
Suf_rep3,29.90405732486811,27.97054186436588,29.17208373607089,,26.562738056772023,30.817533578842898,25.548646610519732,27.535761496619344,25.544658247560186
Suf_rep4,29.57519408978962,27.768666453114577,28.602100192531235,25.29442169974852,27.385727185606882,30.9067960593808,25.59433324058167,26.808813432782824,26.133970407181007
